order_date,region,channel,product_line,plan_tier,revenue_usd,cost_usd,orders
2026-01-01,US,Direct,Services,0,42670.12,24649.41,22
2026-01-02,US,Marketplace,AddOn,0,15269.26,9357.28,9
2026-01-03,US,Marketplace,Premium,1,78777.77,49244.89,22
2026-01-04,US,Direct,AddOn,1,50601.03,40908.28,25
2026-01-05,APAC,Direct,Core,1,43436.27,27923.79,14
2026-01-06,APAC,Direct,AddOn,0,51764.51,32568.06,32
2026-01-07,APAC,Marketplace,Premium,0,47046.96,35695.87,10
2026-01-08,US,Direct,Core,1,90076.87,69828.47,25
2026-01-09,EU,Partner,Services,0,130749.12,104978.04,50
2026-01-10,US,Marketplace,Premium,0,65699.62,40923.37,18
2026-01-11,EU,Marketplace,Services,0,122222.18,93788.7,22
2026-01-12,LATAM,Partner,Core,0,257168.93,163292.76,44
2026-01-13,LATAM,Partner,AddOn,0,46560.98,34974.14,24
2026-01-14,APAC,Marketplace,AddOn,1,73234.4,60003.52,31
2026-01-15,LATAM,Direct,Core,0,76932.89,58766.07,17
2026-01-16,LATAM,Marketplace,Core,1,139462.68,94328.86,32
2026-01-17,APAC,Marketplace,Core,0,300358.32,226090.82,51
2026-01-18,APAC,Direct,Services,1,64885.24,52396.8,18
2026-01-19,APAC,Marketplace,Premium,0,284387.73,221040.57,63
2026-01-20,EU,Direct,Services,0,262649.04,209871.61,42
2026-01-21,US,Marketplace,Services,1,16136.09,10456.26,9
2026-01-22,APAC,Direct,Core,0,269247.48,153811.5,64
2026-01-23,LATAM,Direct,Premium,0,185949.83,129876.1,50
2026-01-24,APAC,Marketplace,AddOn,0,218522.03,160889.96,42
2026-01-25,APAC,Partner,Services,1,256304.88,149341.45,65
2026-01-26,EU,Direct,Services,0,186110.28,131929.64,45
2026-01-27,US,Direct,Core,0,71984.71,56299.35,12
2026-01-28,US,Marketplace,Premium,1,188634.84,131213.1,50
2026-01-29,LATAM,Direct,AddOn,1,33998.53,24748.39,20
2026-01-30,APAC,Partner,AddOn,1,319038.43,233475.01,63
2026-01-31,US,Direct,AddOn,1,340245.0,209977.85,59
2026-02-01,EU,Marketplace,AddOn,0,76037.03,51318.12,35
2026-02-02,US,Partner,Core,0,318313.66,246924.64,49
2026-02-03,US,Direct,Premium,1,146296.78,114617.03,39
2026-02-04,US,Direct,AddOn,0,83378.44,63509.28,32
2026-02-05,LATAM,Partner,AddOn,1,37509.8,22835.19,17
2026-02-06,US,Marketplace,Core,1,16123.3,10943.41,11
2026-02-07,EU,Direct,Core,0,52244.23,38258.84,12
2026-02-08,EU,Partner,Core,0,195792.82,140429.07,45
2026-02-09,LATAM,Marketplace,Services,1,99740.5,63318.23,21
2026-02-10,APAC,Partner,Premium,1,106402.35,80121.33,37
2026-02-11,US,Direct,AddOn,0,48593.55,33363.79,12
2026-02-12,EU,Partner,Core,0,84023.43,56153.68,31
2026-02-13,APAC,Marketplace,Core,1,87450.42,68831.73,50
2026-02-14,APAC,Direct,Core,0,67332.71,40862.2,25
2026-01-01,APAC,Direct,Services,1,143958.8,112064.44,24
2026-01-02,US,Marketplace,AddOn,1,12187.92,9240.91,10
2026-01-03,APAC,Direct,AddOn,1,53803.72,30685.11,43
2026-01-04,EU,Marketplace,Core,1,185777.24,123735.52,45
2026-01-05,US,Partner,Services,0,201265.28,147760.52,65
2026-01-06,US,Partner,AddOn,0,132995.43,108201.84,23
2026-01-07,EU,Partner,Core,0,335488.05,255388.38,55
2026-01-08,LATAM,Marketplace,Premium,1,96715.53,56016.26,18
2026-01-09,US,Partner,Premium,0,364067.7,234608.06,60
2026-01-10,EU,Direct,Core,0,97013.02,75997.6,33
2026-01-11,APAC,Partner,AddOn,1,16301.8,13237.19,9
2026-01-12,EU,Marketplace,Services,0,61065.59,39285.66,14
2026-01-13,APAC,Partner,Core,1,276634.58,171174.58,65
2026-01-14,LATAM,Direct,Premium,1,54980.14,40099.44,35
2026-01-15,APAC,Marketplace,Services,0,322393.4,221459.47,54
2026-01-16,LATAM,Partner,AddOn,1,80608.89,53485.65,43
2026-01-17,LATAM,Marketplace,Premium,1,135434.22,74503.67,33
2026-01-18,APAC,Direct,AddOn,1,131034.24,95972.01,37
2026-01-19,LATAM,Marketplace,Premium,0,102229.29,73696.48,26
2026-01-20,APAC,Direct,Premium,1,120445.23,71036.86,22
2026-01-21,US,Direct,AddOn,0,125671.88,90488.36,37
2026-01-22,EU,Marketplace,AddOn,1,82272.88,59823.55,33
2026-01-23,US,Direct,AddOn,0,103773.86,76574.33,19
2026-01-24,LATAM,Direct,Premium,0,70547.8,47651.77,37
2026-01-25,APAC,Partner,AddOn,1,132829.9,103953.16,65
2026-01-26,LATAM,Partner,Premium,1,303335.57,206523.35,57
2026-01-27,EU,Partner,AddOn,0,143861.04,89677.66,53
2026-01-28,APAC,Marketplace,Core,0,41236.66,30406.53,17
2026-01-29,EU,Direct,AddOn,1,118199.33,78278.58,29
2026-01-30,EU,Partner,AddOn,0,363783.78,256626.32,62
2026-01-31,LATAM,Direct,Services,1,182948.04,144664.92,56
2026-02-01,LATAM,Marketplace,Premium,1,58224.26,39657.9,22
2026-02-02,LATAM,Partner,AddOn,0,224307.24,131098.5,61
2026-02-03,US,Partner,Core,0,170110.74,133375.3,49
2026-02-04,EU,Direct,Services,1,65010.39,41492.78,28
2026-02-05,LATAM,Partner,AddOn,1,99680.29,55345.84,61
2026-02-06,US,Partner,Premium,0,357595.98,200564.75,57
2026-02-07,US,Direct,Premium,0,94358.44,55112.85,47
2026-02-08,US,Marketplace,Premium,1,133020.76,86410.51,52
2026-02-09,US,Direct,Services,0,60124.3,38132.54,45
2026-02-10,LATAM,Partner,Premium,0,218711.54,157331.34,45
2026-02-11,US,Marketplace,Services,0,372033.75,283233.59,58
2026-02-12,APAC,Marketplace,AddOn,1,46579.11,29909.96,12
2026-02-13,LATAM,Partner,Core,1,141626.63,109583.74,31
2026-02-14,EU,Partner,Premium,1,257722.43,179196.13,47
2026-01-01,LATAM,Partner,AddOn,1,159994.23,123883.11,28
2026-01-02,US,Partner,AddOn,0,205125.47,146621.54,56
2026-01-03,LATAM,Partner,Core,1,181199.66,123512.66,62
2026-01-04,APAC,Partner,Services,1,279015.78,219760.92,64
2026-01-05,US,Marketplace,Premium,0,115377.1,78677.49,23
2026-01-06,EU,Marketplace,AddOn,1,194491.59,111856.86,36
2026-01-07,EU,Partner,Premium,1,214112.23,145121.06,50
2026-01-08,APAC,Partner,Services,1,187452.19,118617.54,52
2026-01-09,EU,Direct,Premium,1,77059.04,62166.37,15
2026-01-10,EU,Direct,Premium,1,126007.51,102530.28,25
